Aeropuerto Base,Año,Pasajeros,latitude_deg,longitude_deg
A CORUÑA,2006,1014500,43.45399,-7.85429
A CORUÑA,2007,1266792,43.45399,-7.85429
A CORUÑA,2008,1174951,43.45399,-7.85429
A CORUÑA,2009,1068818,43.45399,-7.85429
A CORUÑA,2010,1101208,43.45399,-7.85429
A CORUÑA,2011,1012640,43.45399,-7.85429
A CORUÑA,2012,845451,43.45399,-7.85429
A CORUÑA,2013,839835,43.45399,-7.85429
A CORUÑA,2014,989151,43.45399,-7.85429
A CORUÑA,2015,1025676,43.45399,-7.85429
A CORUÑA,2016,1063291,43.45399,-7.85429
A CORUÑA,2017,1141389,43.45399,-7.85429
A CORUÑA,2018,1225746,43.45399,-7.85429
A CORUÑA,2019,1352557,43.45399,-7.85429
A CORUÑA,2020,436746,43.45399,-7.85429
A CORUÑA,2021,594473,43.45399,-7.85429
A CORUÑA,2022,963938,43.45399,-7.85429
A CORUÑA,2023,1252001,43.45399,-7.85429
A CORUÑA,2024,1237309,43.45399,-7.85429
A CORUÑA,2025,1292126,43.45399,-7.85429
ADOLFO SUÁREZ MADRID-BARAJAS,2006,45465247,40.493407,-3.572249
ADOLFO SUÁREZ MADRID-BARAJAS,2007,51829808,40.493407,-3.572249
ADOLFO SUÁREZ MADRID-BARAJAS,2008,50526173,40.493407,-3.572249
ADOLFO SUÁREZ MADRID-BARAJAS,2009,48301999,40.493407,-3.572249
ADOLFO SUÁREZ MADRID-BARAJAS,2010,49806349,40.493407,-3.572249
ADOLFO SUÁREZ MADRID-BARAJAS,2011,49572716,40.493407,-3.572249
ADOLFO SUÁREZ MADRID-BARAJAS,2012,45118880,40.493407,-3.572249
ADOLFO SUÁREZ MADRID-BARAJAS,2013,39679182,40.493407,-3.572249
ADOLFO SUÁREZ MADRID-BARAJAS,2014,41776756,40.493407,-3.572249
ADOLFO SUÁREZ MADRID-BARAJAS,2015,46776427,40.493407,-3.572249
ADOLFO SUÁREZ MADRID-BARAJAS,2016,50364296,40.493407,-3.572249
ADOLFO SUÁREZ MADRID-BARAJAS,2017,53356712,40.493407,-3.572249
ADOLFO SUÁREZ MADRID-BARAJAS,2018,57832497,40.493407,-3.572249
ADOLFO SUÁREZ MADRID-BARAJAS,2019,61653445,40.493407,-3.572249
ADOLFO SUÁREZ MADRID-BARAJAS,2020,17073605,40.493407,-3.572249
ADOLFO SUÁREZ MADRID-BARAJAS,2021,24122970,40.493407,-3.572249
ADOLFO SUÁREZ MADRID-BARAJAS,2022,50612599,40.493407,-3.572249
ADOLFO SUÁREZ MADRID-BARAJAS,2023,60202566,40.493407,-3.572249
ADOLFO SUÁREZ MADRID-BARAJAS,2024,66163911,40.493407,-3.572249
ADOLFO SUÁREZ MADRID-BARAJAS,2025,68104647,40.493407,-3.572249
AEROPUERTO INTL. REGIÓN MURCIA,2019,1090611,37.802852,-1.124884
AEROPUERTO INTL. REGIÓN MURCIA,2020,217239,37.802852,-1.124884
AEROPUERTO INTL. REGIÓN MURCIA,2021,283217,37.802852,-1.124884
AEROPUERTO INTL. REGIÓN MURCIA,2022,838433,37.802852,-1.124884
AEROPUERTO INTL. REGIÓN MURCIA,2023,872400,37.802852,-1.124884
AEROPUERTO INTL. REGIÓN MURCIA,2024,903477,37.802852,-1.124884
AEROPUERTO INTL. REGIÓN MURCIA,2025,948205,37.802852,-1.124884
ALICANTE-ELCHE MIGUEL HDEZ.,2006,8880282,38.2822,-0.558156
ALICANTE-ELCHE MIGUEL HDEZ.,2007,9106257,38.2822,-0.558156
ALICANTE-ELCHE MIGUEL HDEZ.,2008,9569074,38.2822,-0.558156
ALICANTE-ELCHE MIGUEL HDEZ.,2009,9130622,38.2822,-0.558156
ALICANTE-ELCHE MIGUEL HDEZ.,2010,9376459,38.2822,-0.558156
ALICANTE-ELCHE MIGUEL HDEZ.,2011,9908031,38.2822,-0.558156
ALICANTE-ELCHE MIGUEL HDEZ.,2012,8850194,38.2822,-0.558156
ALICANTE-ELCHE MIGUEL HDEZ.,2013,9634879,38.2822,-0.558156
ALICANTE-ELCHE MIGUEL HDEZ.,2014,10061646,38.2822,-0.558156
ALICANTE-ELCHE MIGUEL HDEZ.,2015,10571672,38.2822,-0.558156
ALICANTE-ELCHE MIGUEL HDEZ.,2016,12341305,38.2822,-0.558156
ALICANTE-ELCHE MIGUEL HDEZ.,2017,13706515,38.2822,-0.558156
ALICANTE-ELCHE MIGUEL HDEZ.,2018,13975574,38.2822,-0.558156
ALICANTE-ELCHE MIGUEL HDEZ.,2019,15042994,38.2822,-0.558156
ALICANTE-ELCHE MIGUEL HDEZ.,2020,3736931,38.2822,-0.558156
ALICANTE-ELCHE MIGUEL HDEZ.,2021,5827187,38.2822,-0.558156
ALICANTE-ELCHE MIGUEL HDEZ.,2022,13193566,38.2822,-0.558156
ALICANTE-ELCHE MIGUEL HDEZ.,2023,15729985,38.2822,-0.558156
ALICANTE-ELCHE MIGUEL HDEZ.,2024,18370831,38.2822,-0.558156
ALICANTE-ELCHE MIGUEL HDEZ.,2025,19937256,38.2822,-0.558156
ALMERÍA,2006,1049007,36.843899,-2.3701
ALMERÍA,2007,1203057,36.843899,-2.3701
ALMERÍA,2008,1018331,36.843899,-2.3701
ALMERÍA,2009,784982,36.843899,-2.3701
ALMERÍA,2010,780382,36.843899,-2.3701
ALMERÍA,2011,775390,36.843899,-2.3701
ALMERÍA,2012,737484,36.843899,-2.3701
ALMERÍA,2013,701164,36.843899,-2.3701
ALMERÍA,2014,741938,36.843899,-2.3701
ALMERÍA,2015,690170,36.843899,-2.3701
ALMERÍA,2016,919925,36.843899,-2.3701
ALMERÍA,2017,1007041,36.843899,-2.3701
ALMERÍA,2018,991476,36.843899,-2.3701
ALMERÍA,2019,978221,36.843899,-2.3701
ALMERÍA,2020,200181,36.843899,-2.3701
ALMERÍA,2021,316839,36.843899,-2.3701
ALMERÍA,2022,703308,36.843899,-2.3701
ALMERÍA,2023,774715,36.843899,-2.3701
ALMERÍA,2024,786445,36.843899,-2.3701
ALMERÍA,2025,800936,36.843899,-2.3701
ASTURIAS,2006,1352621,43.563599,-6.03462
ASTURIAS,2007,1560268,43.563599,-6.03462
ASTURIAS,2008,1529459,43.563599,-6.03462
ASTURIAS,2009,1315991,43.563599,-6.03462
ASTURIAS,2010,1354501,43.563599,-6.03462
ASTURIAS,2011,1338831,43.563599,-6.03462
ASTURIAS,2012,1309596,43.563599,-6.03462
ASTURIAS,2013,1039233,43.563599,-6.03462
ASTURIAS,2014,1065115,43.563599,-6.03462
ASTURIAS,2015,1119099,43.563599,-6.03462
ASTURIAS,2016,1281625,43.563599,-6.03462
ASTURIAS,2017,1406312,43.563599,-6.03462
ASTURIAS,2018,1398881,43.563599,-6.03462
ASTURIAS,2019,1416798,43.563599,-6.03462
ASTURIAS,2020,498875,43.563599,-6.03462
ASTURIAS,2021,831080,43.563599,-6.03462
ASTURIAS,2022,1453467,43.563599,-6.03462
ASTURIAS,2023,1973608,43.563599,-6.03462
ASTURIAS,2024,1992475,43.563599,-6.03462
ASTURIAS,2025,2050459,43.563599,-6.03462
BADAJOZ,2006,77248,38.8913,-6.82133
BADAJOZ,2007,91266,38.8913,-6.82133
BADAJOZ,2008,80768,38.8913,-6.82133
BADAJOZ,2009,75127,38.8913,-6.82133
BADAJOZ,2010,60723,38.8913,-6.82133
BADAJOZ,2011,56981,38.8913,-6.82133
BADAJOZ,2012,65437,38.8913,-6.82133
BADAJOZ,2013,28960,38.8913,-6.82133
BADAJOZ,2014,39380,38.8913,-6.82133
BADAJOZ,2015,22293,38.8913,-6.82133
BADAJOZ,2016,32708,38.8913,-6.82133
BADAJOZ,2017,49168,38.8913,-6.82133
BADAJOZ,2018,51923,38.8913,-6.82133
BADAJOZ,2019,75329,38.8913,-6.82133
BADAJOZ,2020,29962,38.8913,-6.82133
BADAJOZ,2021,42147,38.8913,-6.82133
BADAJOZ,2022,65772,38.8913,-6.82133
BADAJOZ,2023,80181,38.8913,-6.82133
BADAJOZ,2024,91179,38.8913,-6.82133
BADAJOZ,2025,107000,38.8913,-6.82133
BARCELONA-EL PRAT J.T.,2006,29843440,41.2971,2.07846
BARCELONA-EL PRAT J.T.,2007,32811887,41.2971,2.07846
BARCELONA-EL PRAT J.T.,2008,30250376,41.2971,2.07846
BARCELONA-EL PRAT J.T.,2009,27415076,41.2971,2.07846
BARCELONA-EL PRAT J.T.,2010,29184048,41.2971,2.07846
BARCELONA-EL PRAT J.T.,2011,34343968,41.2971,2.07846
BARCELONA-EL PRAT J.T.,2012,35103695,41.2971,2.07846
BARCELONA-EL PRAT J.T.,2013,35194768,41.2971,2.07846
BARCELONA-EL PRAT J.T.,2014,37537780,41.2971,2.07846
BARCELONA-EL PRAT J.T.,2015,39696925,41.2971,2.07846
BARCELONA-EL PRAT J.T.,2016,44144117,41.2971,2.07846
BARCELONA-EL PRAT J.T.,2017,47259346,41.2971,2.07846
BARCELONA-EL PRAT J.T.,2018,50127744,41.2971,2.07846
BARCELONA-EL PRAT J.T.,2019,52659740,41.2971,2.07846
BARCELONA-EL PRAT J.T.,2020,12710157,41.2971,2.07846
BARCELONA-EL PRAT J.T.,2021,18847530,41.2971,2.07846
BARCELONA-EL PRAT J.T.,2022,41573405,41.2971,2.07846
BARCELONA-EL PRAT J.T.,2023,49838851,41.2971,2.07846
BARCELONA-EL PRAT J.T.,2024,54966793,41.2971,2.07846
BARCELONA-EL PRAT J.T.,2025,57417193,41.2971,2.07846
BILBAO,2006,3871088,43.301102,-2.91061
BILBAO,2007,4280740,43.301102,-2.91061
BILBAO,2008,4169021,43.301102,-2.91061
BILBAO,2009,3652046,43.301102,-2.91061
BILBAO,2010,3883342,43.301102,-2.91061
BILBAO,2011,4044063,43.301102,-2.91061
BILBAO,2012,4167230,43.301102,-2.91061
BILBAO,2013,3794137,43.301102,-2.91061
BILBAO,2014,3982888,43.301102,-2.91061
BILBAO,2015,4259203,43.301102,-2.91061
BILBAO,2016,4581891,43.301102,-2.91061
BILBAO,2017,4972747,43.301102,-2.91061
BILBAO,2018,5468190,43.301102,-2.91061
BILBAO,2019,5904554,43.301102,-2.91061
BILBAO,2020,1689661,43.301102,-2.91061
BILBAO,2021,2580838,43.301102,-2.91061
BILBAO,2022,5129320,43.301102,-2.91061
BILBAO,2023,6335530,43.301102,-2.91061
BILBAO,2024,6776782,43.301102,-2.91061
BILBAO,2025,7061875,43.301102,-2.91061
EL HIERRO,2006,171444,27.8148,-17.8871
EL HIERRO,2007,184843,27.8148,-17.8871
EL HIERRO,2008,195425,27.8148,-17.8871
EL HIERRO,2009,183891,27.8148,-17.8871
EL HIERRO,2010,170968,27.8148,-17.8871
EL HIERRO,2011,170225,27.8148,-17.8871
EL HIERRO,2012,152726,27.8148,-17.8871
EL HIERRO,2013,139150,27.8148,-17.8871
EL HIERRO,2014,148974,27.8148,-17.8871
EL HIERRO,2015,146789,27.8148,-17.8871
EL HIERRO,2016,156441,27.8148,-17.8871
EL HIERRO,2017,199380,27.8148,-17.8871
EL HIERRO,2018,247204,27.8148,-17.8871
EL HIERRO,2019,268895,27.8148,-17.8871
EL HIERRO,2020,178595,27.8148,-17.8871
EL HIERRO,2021,234406,27.8148,-17.8871
EL HIERRO,2022,273693,27.8148,-17.8871
EL HIERRO,2023,301244,27.8148,-17.8871
EL HIERRO,2024,322182,27.8148,-17.8871
EL HIERRO,2025,313163,27.8148,-17.8871
FGL GRANADA-JAÉN,2006,1085323,37.188702,-3.77736
FGL GRANADA-JAÉN,2007,1467112,37.188702,-3.77736
FGL GRANADA-JAÉN,2008,1421830,37.188702,-3.77736
FGL GRANADA-JAÉN,2009,1187568,37.188702,-3.77736
FGL GRANADA-JAÉN,2010,978237,37.188702,-3.77736
FGL GRANADA-JAÉN,2011,872740,37.188702,-3.77736
FGL GRANADA-JAÉN,2012,728391,37.188702,-3.77736
FGL GRANADA-JAÉN,2013,638255,37.188702,-3.77736
FGL GRANADA-JAÉN,2014,650541,37.188702,-3.77736
FGL GRANADA-JAÉN,2015,706827,37.188702,-3.77736
FGL GRANADA-JAÉN,2016,750655,37.188702,-3.77736
FGL GRANADA-JAÉN,2017,901442,37.188702,-3.77736
FGL GRANADA-JAÉN,2018,1125744,37.188702,-3.77736
FGL GRANADA-JAÉN,2019,1250975,37.188702,-3.77736
FGL GRANADA-JAÉN,2020,389761,37.188702,-3.77736
FGL GRANADA-JAÉN,2021,502124,37.188702,-3.77736
FGL GRANADA-JAÉN,2022,907877,37.188702,-3.77736
FGL GRANADA-JAÉN,2023,1039114,37.188702,-3.77736
FGL GRANADA-JAÉN,2024,1133408,37.188702,-3.77736
FGL GRANADA-JAÉN,2025,1152805,37.188702,-3.77736
FUERTEVENTURA,2006,4379399,28.4527,-13.8638
FUERTEVENTURA,2007,4552809,28.4527,-13.8638
FUERTEVENTURA,2008,4428921,28.4527,-13.8638
FUERTEVENTURA,2009,3680413,28.4527,-13.8638
FUERTEVENTURA,2010,4117536,28.4527,-13.8638
FUERTEVENTURA,2011,4900583,28.4527,-13.8638
FUERTEVENTURA,2012,4331674,28.4527,-13.8638
FUERTEVENTURA,2013,4201317,28.4527,-13.8638
FUERTEVENTURA,2014,4705459,28.4527,-13.8638
FUERTEVENTURA,2015,4969663,28.4527,-13.8638
FUERTEVENTURA,2016,5611333,28.4527,-13.8638
FUERTEVENTURA,2017,5961849,28.4527,-13.8638
FUERTEVENTURA,2018,6051578,28.4527,-13.8638
FUERTEVENTURA,2019,5576881,28.4527,-13.8638
FUERTEVENTURA,2020,2122712,28.4527,-13.8638
FUERTEVENTURA,2021,3068394,28.4527,-13.8638
FUERTEVENTURA,2022,5561132,28.4527,-13.8638
FUERTEVENTURA,2023,5929363,28.4527,-13.8638
FUERTEVENTURA,2024,6379220,28.4527,-13.8638
FUERTEVENTURA,2025,6824090,28.4527,-13.8638
GIRONA-COSTA BRAVA,2006,3612592,41.904639,2.761774
GIRONA-COSTA BRAVA,2007,4847308,41.904639,2.761774
GIRONA-COSTA BRAVA,2008,5509308,41.904639,2.761774
GIRONA-COSTA BRAVA,2009,5283691,41.904639,2.761774
GIRONA-COSTA BRAVA,2010,4859813,41.904639,2.761774
GIRONA-COSTA BRAVA,2011,3003633,41.904639,2.761774
GIRONA-COSTA BRAVA,2012,2837837,41.904639,2.761774
GIRONA-COSTA BRAVA,2013,2734427,41.904639,2.761774
GIRONA-COSTA BRAVA,2014,2159165,41.904639,2.761774
GIRONA-COSTA BRAVA,2015,1774818,41.904639,2.761774
GIRONA-COSTA BRAVA,2016,1664696,41.904639,2.761774
GIRONA-COSTA BRAVA,2017,1946639,41.904639,2.761774
GIRONA-COSTA BRAVA,2018,2020104,41.904639,2.761774
GIRONA-COSTA BRAVA,2019,1932967,41.904639,2.761774
GIRONA-COSTA BRAVA,2020,172166,41.904639,2.761774
GIRONA-COSTA BRAVA,2021,312174,41.904639,2.761774
GIRONA-COSTA BRAVA,2022,1313506,41.904639,2.761774
GIRONA-COSTA BRAVA,2023,1583970,41.904639,2.761774
GIRONA-COSTA BRAVA,2024,1996529,41.904639,2.761774
GIRONA-COSTA BRAVA,2025,2184572,41.904639,2.761774
GRAN CANARIA,2006,9972167,27.9319,-15.3866
GRAN CANARIA,2007,10069384,27.9319,-15.3866
GRAN CANARIA,2008,9995914,27.9319,-15.3866
GRAN CANARIA,2009,8935948,27.9319,-15.3866
GRAN CANARIA,2010,9300192,27.9319,-15.3866
GRAN CANARIA,2011,10359982,27.9319,-15.3866
GRAN CANARIA,2012,9693605,27.9319,-15.3866
GRAN CANARIA,2013,9574685,27.9319,-15.3866
GRAN CANARIA,2014,10143626,27.9319,-15.3866
GRAN CANARIA,2015,10481633,27.9319,-15.3866
GRAN CANARIA,2016,11944542,27.9319,-15.3866
GRAN CANARIA,2017,12944764,27.9319,-15.3866
GRAN CANARIA,2018,13450835,27.9319,-15.3866
GRAN CANARIA,2019,13163961,27.9319,-15.3866
GRAN CANARIA,2020,5088207,27.9319,-15.3866
GRAN CANARIA,2021,6821966,27.9319,-15.3866
GRAN CANARIA,2022,12303560,27.9319,-15.3866
GRAN CANARIA,2023,13839282,27.9319,-15.3866
GRAN CANARIA,2024,15145499,27.9319,-15.3866
GRAN CANARIA,2025,15752128,27.9319,-15.3866
IBIZA,2006,4422208,38.872898,1.37312
IBIZA,2007,4739833,38.872898,1.37312
IBIZA,2008,4629619,38.872898,1.37312
IBIZA,2009,4556807,38.872898,1.37312
IBIZA,2010,5023649,38.872898,1.37312
IBIZA,2011,5625907,38.872898,1.37312
IBIZA,2012,5534659,38.872898,1.37312
IBIZA,2013,5712311,38.872898,1.37312
IBIZA,2014,6199366,38.872898,1.37312
IBIZA,2015,6462121,38.872898,1.37312
IBIZA,2016,7403266,38.872898,1.37312
IBIZA,2017,7895351,38.872898,1.37312
IBIZA,2018,8090666,38.872898,1.37312
IBIZA,2019,8136876,38.872898,1.37312
IBIZA,2020,2106651,38.872898,1.37312
IBIZA,2021,4835179,38.872898,1.37312
IBIZA,2022,8144358,38.872898,1.37312
IBIZA,2023,8921636,38.872898,1.37312
IBIZA,2024,9057562,38.872898,1.37312
IBIZA,2025,9128131,38.872898,1.37312
JEREZ DE LA FRONTERA,2006,1365771,36.744598,-6.06011
JEREZ DE LA FRONTERA,2007,1600637,36.744598,-6.06011
JEREZ DE LA FRONTERA,2008,1297125,36.744598,-6.06011
JEREZ DE LA FRONTERA,2009,1073332,36.744598,-6.06011
JEREZ DE LA FRONTERA,2010,1040100,36.744598,-6.06011
JEREZ DE LA FRONTERA,2011,1023112,36.744598,-6.06011
JEREZ DE LA FRONTERA,2012,897924,36.744598,-6.06011
JEREZ DE LA FRONTERA,2013,800994,36.744598,-6.06011
JEREZ DE LA FRONTERA,2014,748923,36.744598,-6.06011
JEREZ DE LA FRONTERA,2015,816901,36.744598,-6.06011
JEREZ DE LA FRONTERA,2016,912063,36.744598,-6.06011
JEREZ DE LA FRONTERA,2017,1045620,36.744598,-6.06011
JEREZ DE LA FRONTERA,2018,1133985,36.744598,-6.06011
JEREZ DE LA FRONTERA,2019,1119727,36.744598,-6.06011
JEREZ DE LA FRONTERA,2020,214655,36.744598,-6.06011
JEREZ DE LA FRONTERA,2021,436236,36.744598,-6.06011
JEREZ DE LA FRONTERA,2022,913842,36.744598,-6.06011
JEREZ DE LA FRONTERA,2023,902836,36.744598,-6.06011
JEREZ DE LA FRONTERA,2024,944209,36.744598,-6.06011
JEREZ DE LA FRONTERA,2025,881238,36.744598,-6.06011
LA GOMERA,2006,38852,28.0296,-17.2146
LA GOMERA,2007,40569,28.0296,-17.2146
LA GOMERA,2008,41890,28.0296,-17.2146
LA GOMERA,2009,34605,28.0296,-17.2146
LA GOMERA,2010,32488,28.0296,-17.2146
LA GOMERA,2011,32713,28.0296,-17.2146
LA GOMERA,2012,19707,28.0296,-17.2146
LA GOMERA,2013,24446,28.0296,-17.2146
LA GOMERA,2014,28923,28.0296,-17.2146
LA GOMERA,2015,34954,28.0296,-17.2146
LA GOMERA,2016,38043,28.0296,-17.2146
LA GOMERA,2017,48711,28.0296,-17.2146
LA GOMERA,2018,61941,28.0296,-17.2146
LA GOMERA,2019,77582,28.0296,-17.2146
LA GOMERA,2020,55827,28.0296,-17.2146
LA GOMERA,2021,81483,28.0296,-17.2146
LA GOMERA,2022,95163,28.0296,-17.2146
LA GOMERA,2023,113320,28.0296,-17.2146
LA GOMERA,2024,120707,28.0296,-17.2146
LA GOMERA,2025,128341,28.0296,-17.2146
LA PALMA,2006,1110782,28.626499,-17.7556
LA PALMA,2007,1145584,28.626499,-17.7556
LA PALMA,2008,1125034,28.626499,-17.7556
LA PALMA,2009,1020535,28.626499,-17.7556
LA PALMA,2010,969843,28.626499,-17.7556
LA PALMA,2011,1047919,28.626499,-17.7556
LA PALMA,2012,946140,28.626499,-17.7556
LA PALMA,2013,791348,28.626499,-17.7556
LA PALMA,2014,848712,28.626499,-17.7556
LA PALMA,2015,962921,28.626499,-17.7556
LA PALMA,2016,1102275,28.626499,-17.7556
LA PALMA,2017,1279452,28.626499,-17.7556
LA PALMA,2018,1404628,28.626499,-17.7556
LA PALMA,2019,1463356,28.626499,-17.7556
LA PALMA,2020,716943,28.626499,-17.7556
LA PALMA,2021,749641,28.626499,-17.7556
LA PALMA,2022,1280743,28.626499,-17.7556
LA PALMA,2023,1364067,28.626499,-17.7556
LA PALMA,2024,1492717,28.626499,-17.7556
LA PALMA,2025,1530170,28.626499,-17.7556
LANZAROTE CÉSAR MANRIQUE,2006,5462251,28.945499,-13.6052
LANZAROTE CÉSAR MANRIQUE,2007,5472306,28.945499,-13.6052
LANZAROTE CÉSAR MANRIQUE,2008,5304922,28.945499,-13.6052
LANZAROTE CÉSAR MANRIQUE,2009,4570842,28.945499,-13.6052
LANZAROTE CÉSAR MANRIQUE,2010,4830505,28.945499,-13.6052
LANZAROTE CÉSAR MANRIQUE,2011,5443766,28.945499,-13.6052
LANZAROTE CÉSAR MANRIQUE,2012,5082554,28.945499,-13.6052
LANZAROTE CÉSAR MANRIQUE,2013,5254220,28.945499,-13.6052
LANZAROTE CÉSAR MANRIQUE,2014,5803471,28.945499,-13.6052
LANZAROTE CÉSAR MANRIQUE,2015,6060351,28.945499,-13.6052
LANZAROTE CÉSAR MANRIQUE,2016,6607169,28.945499,-13.6052
LANZAROTE CÉSAR MANRIQUE,2017,7330376,28.945499,-13.6052
LANZAROTE CÉSAR MANRIQUE,2018,7289495,28.945499,-13.6052
LANZAROTE CÉSAR MANRIQUE,2019,7261909,28.945499,-13.6052
LANZAROTE CÉSAR MANRIQUE,2020,2522567,28.945499,-13.6052
LANZAROTE CÉSAR MANRIQUE,2021,3404288,28.945499,-13.6052
LANZAROTE CÉSAR MANRIQUE,2022,7298856,28.945499,-13.6052
LANZAROTE CÉSAR MANRIQUE,2023,8160891,28.945499,-13.6052
LANZAROTE CÉSAR MANRIQUE,2024,8670357,28.945499,-13.6052
LANZAROTE CÉSAR MANRIQUE,2025,8890428,28.945499,-13.6052
LEÓN,2006,126521,42.590709,-5.653406
LEÓN,2007,161553,42.590709,-5.653406
LEÓN,2008,123103,42.590709,-5.653406
LEÓN,2009,95189,42.590709,-5.653406
LEÓN,2010,93373,42.590709,-5.653406
LEÓN,2011,85725,42.590709,-5.653406
LEÓN,2012,51061,42.590709,-5.653406
LEÓN,2013,30889,42.590709,-5.653406
LEÓN,2014,23131,42.590709,-5.653406
LEÓN,2015,38706,42.590709,-5.653406
LEÓN,2016,36499,42.590709,-5.653406
LEÓN,2017,44253,42.590709,-5.653406
LEÓN,2018,55753,42.590709,-5.653406
LEÓN,2019,65934,42.590709,-5.653406
LEÓN,2020,18600,42.590709,-5.653406
LEÓN,2021,28491,42.590709,-5.653406
LEÓN,2022,45037,42.590709,-5.653406
LEÓN,2023,63521,42.590709,-5.653406
LEÓN,2024,62115,42.590709,-5.653406
LEÓN,2025,74131,42.590709,-5.653406
MELILLA,2006,313543,35.2798,-2.95626
MELILLA,2007,339244,35.2798,-2.95626
MELILLA,2008,314643,35.2798,-2.95626
MELILLA,2009,293695,35.2798,-2.95626
MELILLA,2010,292608,35.2798,-2.95626
MELILLA,2011,286701,35.2798,-2.95626
MELILLA,2012,315850,35.2798,-2.95626
MELILLA,2013,289551,35.2798,-2.95626
MELILLA,2014,319529,35.2798,-2.95626
MELILLA,2015,317806,35.2798,-2.95626
MELILLA,2016,330116,35.2798,-2.95626
MELILLA,2017,324364,35.2798,-2.95626
MELILLA,2018,348123,35.2798,-2.95626
MELILLA,2019,434656,35.2798,-2.95626
MELILLA,2020,195636,35.2798,-2.95626
MELILLA,2021,332444,35.2798,-2.95626
MELILLA,2022,447450,35.2798,-2.95626
MELILLA,2023,501065,35.2798,-2.95626
MELILLA,2024,507987,35.2798,-2.95626
MELILLA,2025,532484,35.2798,-2.95626
MENORCA,2006,2664161,39.862598,4.21865
MENORCA,2007,2759178,39.862598,4.21865
MENORCA,2008,2596902,39.862598,4.21865
MENORCA,2009,2422348,39.862598,4.21865
MENORCA,2010,2496010,39.862598,4.21865
MENORCA,2011,2564882,39.862598,4.21865
MENORCA,2012,2533237,39.862598,4.21865
MENORCA,2013,2554677,39.862598,4.21865
MENORCA,2014,2623738,39.862598,4.21865
MENORCA,2015,2855084,39.862598,4.21865
MENORCA,2016,3171170,39.862598,4.21865
MENORCA,2017,3429052,39.862598,4.21865
MENORCA,2018,3434567,39.862598,4.21865
MENORCA,2019,3486091,39.862598,4.21865
MENORCA,2020,1076240,39.862598,4.21865
MENORCA,2021,2312391,39.862598,4.21865
MENORCA,2022,3895017,39.862598,4.21865
MENORCA,2023,4039470,39.862598,4.21865
MENORCA,2024,4166949,39.862598,4.21865
MENORCA,2025,4204108,39.862598,4.21865
MURCIA-SAN JAVIER,2006,1646077,37.775002,-0.812389
MURCIA-SAN JAVIER,2007,2002771,37.775002,-0.812389
MURCIA-SAN JAVIER,2008,1876132,37.775002,-0.812389
MURCIA-SAN JAVIER,2009,1630670,37.775002,-0.812389
MURCIA-SAN JAVIER,2010,1349539,37.775002,-0.812389
MURCIA-SAN JAVIER,2011,1262597,37.775002,-0.812389
MURCIA-SAN JAVIER,2012,1181782,37.775002,-0.812389
MURCIA-SAN JAVIER,2013,1140807,37.775002,-0.812389
MURCIA-SAN JAVIER,2014,1095447,37.775002,-0.812389
MURCIA-SAN JAVIER,2015,1067658,37.775002,-0.812389
MURCIA-SAN JAVIER,2016,1096666,37.775002,-0.812389
MURCIA-SAN JAVIER,2017,1196111,37.775002,-0.812389
MURCIA-SAN JAVIER,2018,1273514,37.775002,-0.812389
MURCIA-SAN JAVIER,2019,21563,37.775002,-0.812389
MÁLAGA-COSTA DEL SOL,2006,13033327,36.6749,-4.49911
MÁLAGA-COSTA DEL SOL,2007,13560324,36.6749,-4.49911
MÁLAGA-COSTA DEL SOL,2008,12767314,36.6749,-4.49911
MÁLAGA-COSTA DEL SOL,2009,11585164,36.6749,-4.49911
MÁLAGA-COSTA DEL SOL,2010,12015571,36.6749,-4.49911
MÁLAGA-COSTA DEL SOL,2011,12781678,36.6749,-4.49911
MÁLAGA-COSTA DEL SOL,2012,12549456,36.6749,-4.49911
MÁLAGA-COSTA DEL SOL,2013,12897422,36.6749,-4.49911
MÁLAGA-COSTA DEL SOL,2014,13723427,36.6749,-4.49911
MÁLAGA-COSTA DEL SOL,2015,14382991,36.6749,-4.49911
MÁLAGA-COSTA DEL SOL,2016,16640299,36.6749,-4.49911
MÁLAGA-COSTA DEL SOL,2017,18596726,36.6749,-4.49911
MÁLAGA-COSTA DEL SOL,2018,18982154,36.6749,-4.49911
MÁLAGA-COSTA DEL SOL,2019,19823810,36.6749,-4.49911
MÁLAGA-COSTA DEL SOL,2020,5137672,36.6749,-4.49911
MÁLAGA-COSTA DEL SOL,2021,8853378,36.6749,-4.49911
MÁLAGA-COSTA DEL SOL,2022,18424381,36.6749,-4.49911
MÁLAGA-COSTA DEL SOL,2023,22310538,36.6749,-4.49911
MÁLAGA-COSTA DEL SOL,2024,24893038,36.6749,-4.49911
MÁLAGA-COSTA DEL SOL,2025,26742166,36.6749,-4.49911
PALMA DE MALLORCA,2006,22393434,39.551701,2.73881
PALMA DE MALLORCA,2007,23214132,39.551701,2.73881
PALMA DE MALLORCA,2008,22818352,39.551701,2.73881
PALMA DE MALLORCA,2009,21195002,39.551701,2.73881
PALMA DE MALLORCA,2010,21106664,39.551701,2.73881
PALMA DE MALLORCA,2011,22714353,39.551701,2.73881
PALMA DE MALLORCA,2012,22653075,39.551701,2.73881
PALMA DE MALLORCA,2013,22758020,39.551701,2.73881
PALMA DE MALLORCA,2014,23104999,39.551701,2.73881
PALMA DE MALLORCA,2015,23735278,39.551701,2.73881
PALMA DE MALLORCA,2016,26246296,39.551701,2.73881
PALMA DE MALLORCA,2017,27964987,39.551701,2.73881
PALMA DE MALLORCA,2018,29074568,39.551701,2.73881
PALMA DE MALLORCA,2019,29715555,39.551701,2.73881
PALMA DE MALLORCA,2020,6106147,39.551701,2.73881
PALMA DE MALLORCA,2021,14491120,39.551701,2.73881
PALMA DE MALLORCA,2022,28563263,39.551701,2.73881
PALMA DE MALLORCA,2023,31098546,39.551701,2.73881
PALMA DE MALLORCA,2024,33288693,39.551701,2.73881
PALMA DE MALLORCA,2025,33796645,39.551701,2.73881
PAMPLONA,2006,375303,42.77,-1.64633
PAMPLONA,2007,499971,42.77,-1.64633
PAMPLONA,2008,434453,42.77,-1.64633
PAMPLONA,2009,335441,42.77,-1.64633
PAMPLONA,2010,291544,42.77,-1.64633
PAMPLONA,2011,238432,42.77,-1.64633
PAMPLONA,2012,190307,42.77,-1.64633
PAMPLONA,2013,159075,42.77,-1.64633
PAMPLONA,2014,138244,42.77,-1.64633
PAMPLONA,2015,148538,42.77,-1.64633
PAMPLONA,2016,153462,42.77,-1.64633
PAMPLONA,2017,165573,42.77,-1.64633
PAMPLONA,2018,205496,42.77,-1.64633
PAMPLONA,2019,243296,42.77,-1.64633
PAMPLONA,2020,84016,42.77,-1.64633
PAMPLONA,2021,112536,42.77,-1.64633
PAMPLONA,2022,172453,42.77,-1.64633
PAMPLONA,2023,197421,42.77,-1.64633
PAMPLONA,2024,220387,42.77,-1.64633
PAMPLONA,2025,233398,42.77,-1.64633
REUS,2006,1379316,41.147509,1.168354
REUS,2007,1305352,41.147509,1.168354
REUS,2008,1275956,41.147509,1.168354
REUS,2009,1702741,41.147509,1.168354
REUS,2010,1415570,41.147509,1.168354
REUS,2011,1357959,41.147509,1.168354
REUS,2012,931856,41.147509,1.168354
REUS,2013,969553,41.147509,1.168354
REUS,2014,849926,41.147509,1.168354
REUS,2015,703834,41.147509,1.168354
REUS,2016,816707,41.147509,1.168354
REUS,2017,1018378,41.147509,1.168354
REUS,2018,1036928,41.147509,1.168354
REUS,2019,1045193,41.147509,1.168354
REUS,2020,39090,41.147509,1.168354
REUS,2021,158295,41.147509,1.168354
REUS,2022,909905,41.147509,1.168354
REUS,2023,1041789,41.147509,1.168354
REUS,2024,1178730,41.147509,1.168354
REUS,2025,1334728,41.147509,1.168354
SAN SEBASTIÁN,2006,368001,43.356499,-1.79061
SAN SEBASTIÁN,2007,466454,43.356499,-1.79061
SAN SEBASTIÁN,2008,403189,43.356499,-1.79061
SAN SEBASTIÁN,2009,315294,43.356499,-1.79061
SAN SEBASTIÁN,2010,286055,43.356499,-1.79061
SAN SEBASTIÁN,2011,248023,43.356499,-1.79061
SAN SEBASTIÁN,2012,262351,43.356499,-1.79061
SAN SEBASTIÁN,2013,244998,43.356499,-1.79061
SAN SEBASTIÁN,2014,245024,43.356499,-1.79061
SAN SEBASTIÁN,2015,255073,43.356499,-1.79061
SAN SEBASTIÁN,2016,264404,43.356499,-1.79061
SAN SEBASTIÁN,2017,281859,43.356499,-1.79061
SAN SEBASTIÁN,2018,289440,43.356499,-1.79061
SAN SEBASTIÁN,2019,320440,43.356499,-1.79061
SAN SEBASTIÁN,2020,83869,43.356499,-1.79061
SAN SEBASTIÁN,2021,155329,43.356499,-1.79061
SAN SEBASTIÁN,2022,383579,43.356499,-1.79061
SAN SEBASTIÁN,2023,482656,43.356499,-1.79061
SAN SEBASTIÁN,2024,486493,43.356499,-1.79061
SAN SEBASTIÁN,2025,472666,43.356499,-1.79061
SANTIAGO-ROSALÍA DE CASTRO,2006,1961664,42.896301,-8.41514
SANTIAGO-ROSALÍA DE CASTRO,2007,2012209,42.896301,-8.41514
SANTIAGO-ROSALÍA DE CASTRO,2008,1878999,42.896301,-8.41514
SANTIAGO-ROSALÍA DE CASTRO,2009,1928855,42.896301,-8.41514
SANTIAGO-ROSALÍA DE CASTRO,2010,2158855,42.896301,-8.41514
SANTIAGO-ROSALÍA DE CASTRO,2011,2452592,42.896301,-8.41514
SANTIAGO-ROSALÍA DE CASTRO,2012,2189986,42.896301,-8.41514
SANTIAGO-ROSALÍA DE CASTRO,2013,2070214,42.896301,-8.41514
SANTIAGO-ROSALÍA DE CASTRO,2014,2079059,42.896301,-8.41514
SANTIAGO-ROSALÍA DE CASTRO,2015,2292841,42.896301,-8.41514
SANTIAGO-ROSALÍA DE CASTRO,2016,2509664,42.896301,-8.41514
SANTIAGO-ROSALÍA DE CASTRO,2017,2643633,42.896301,-8.41514
SANTIAGO-ROSALÍA DE CASTRO,2018,2724992,42.896301,-8.41514
SANTIAGO-ROSALÍA DE CASTRO,2019,2901759,42.896301,-8.41514
SANTIAGO-ROSALÍA DE CASTRO,2020,935025,42.896301,-8.41514
SANTIAGO-ROSALÍA DE CASTRO,2021,1652868,42.896301,-8.41514
SANTIAGO-ROSALÍA DE CASTRO,2022,3237585,42.896301,-8.41514
SANTIAGO-ROSALÍA DE CASTRO,2023,3534124,42.896301,-8.41514
SANTIAGO-ROSALÍA DE CASTRO,2024,3637812,42.896301,-8.41514
SANTIAGO-ROSALÍA DE CASTRO,2025,3119114,42.896301,-8.41514
SEVE BALLESTEROS-SANTANDER,2006,649300,43.427101,-3.82001
SEVE BALLESTEROS-SANTANDER,2007,761617,43.427101,-3.82001
SEVE BALLESTEROS-SANTANDER,2008,856605,43.427101,-3.82001
SEVE BALLESTEROS-SANTANDER,2009,957982,43.427101,-3.82001
SEVE BALLESTEROS-SANTANDER,2010,919526,43.427101,-3.82001
SEVE BALLESTEROS-SANTANDER,2011,1116398,43.427101,-3.82001
SEVE BALLESTEROS-SANTANDER,2012,1117329,43.427101,-3.82001
SEVE BALLESTEROS-SANTANDER,2013,973843,43.427101,-3.82001
SEVE BALLESTEROS-SANTANDER,2014,815418,43.427101,-3.82001
SEVE BALLESTEROS-SANTANDER,2015,875658,43.427101,-3.82001
SEVE BALLESTEROS-SANTANDER,2016,778132,43.427101,-3.82001
SEVE BALLESTEROS-SANTANDER,2017,936987,43.427101,-3.82001
SEVE BALLESTEROS-SANTANDER,2018,1102862,43.427101,-3.82001
SEVE BALLESTEROS-SANTANDER,2019,1174639,43.427101,-3.82001
SEVE BALLESTEROS-SANTANDER,2020,334956,43.427101,-3.82001
SEVE BALLESTEROS-SANTANDER,2021,503031,43.427101,-3.82001
SEVE BALLESTEROS-SANTANDER,2022,1101896,43.427101,-3.82001
SEVE BALLESTEROS-SANTANDER,2023,1241683,43.427101,-3.82001
SEVE BALLESTEROS-SANTANDER,2024,1094514,43.427101,-3.82001
SEVE BALLESTEROS-SANTANDER,2025,1069188,43.427101,-3.82001
SEVILLA,2006,3855060,37.417999,-5.89311
SEVILLA,2007,4490155,37.417999,-5.89311
SEVILLA,2008,4370225,37.417999,-5.89311
SEVILLA,2009,4041158,37.417999,-5.89311
SEVILLA,2010,4214757,37.417999,-5.89311
SEVILLA,2011,4944080,37.417999,-5.89311
SEVILLA,2012,4278214,37.417999,-5.89311
SEVILLA,2013,3677125,37.417999,-5.89311
SEVILLA,2014,3866055,37.417999,-5.89311
SEVILLA,2015,4289565,37.417999,-5.89311
SEVILLA,2016,4613356,37.417999,-5.89311
SEVILLA,2017,5091215,37.417999,-5.89311
SEVILLA,2018,6362057,37.417999,-5.89311
SEVILLA,2019,7521317,37.417999,-5.89311
SEVILLA,2020,2311015,37.417999,-5.89311
SEVILLA,2021,3440198,37.417999,-5.89311
SEVILLA,2022,6769675,37.417999,-5.89311
SEVILLA,2023,8061855,37.417999,-5.89311
SEVILLA,2024,9164015,37.417999,-5.89311
SEVILLA,2025,9674633,37.417999,-5.89311
TENERIFE NORTE-C. LA LAGUNA,2006,3985376,28.482752,-16.341707
TENERIFE NORTE-C. LA LAGUNA,2007,4124165,28.482752,-16.341707
TENERIFE NORTE-C. LA LAGUNA,2008,4232881,28.482752,-16.341707
TENERIFE NORTE-C. LA LAGUNA,2009,4051734,28.482752,-16.341707
TENERIFE NORTE-C. LA LAGUNA,2010,4048451,28.482752,-16.341707
TENERIFE NORTE-C. LA LAGUNA,2011,4093251,28.482752,-16.341707
TENERIFE NORTE-C. LA LAGUNA,2012,3717070,28.482752,-16.341707
TENERIFE NORTE-C. LA LAGUNA,2013,3523136,28.482752,-16.341707
TENERIFE NORTE-C. LA LAGUNA,2014,3628468,28.482752,-16.341707
TENERIFE NORTE-C. LA LAGUNA,2015,3810761,28.482752,-16.341707
TENERIFE NORTE-C. LA LAGUNA,2016,4213033,28.482752,-16.341707
TENERIFE NORTE-C. LA LAGUNA,2017,4702641,28.482752,-16.341707
TENERIFE NORTE-C. LA LAGUNA,2018,5483458,28.482752,-16.341707
TENERIFE NORTE-C. LA LAGUNA,2019,5837325,28.482752,-16.341707
TENERIFE NORTE-C. LA LAGUNA,2020,2794389,28.482752,-16.341707
TENERIFE NORTE-C. LA LAGUNA,2021,3839060,28.482752,-16.341707
TENERIFE NORTE-C. LA LAGUNA,2022,5565741,28.482752,-16.341707
TENERIFE NORTE-C. LA LAGUNA,2023,6119669,28.482752,-16.341707
TENERIFE NORTE-C. LA LAGUNA,2024,6765017,28.482752,-16.341707
TENERIFE NORTE-C. LA LAGUNA,2025,7174599,28.482752,-16.341707
TENERIFE SUR,2006,8543888,28.0445,-16.5725
TENERIFE SUR,2007,8340334,28.0445,-16.5725
TENERIFE SUR,2008,8063746,28.0445,-16.5725
TENERIFE SUR,2009,6962889,28.0445,-16.5725
TENERIFE SUR,2010,7240641,28.0445,-16.5725
TENERIFE SUR,2011,8551692,28.0445,-16.5725
TENERIFE SUR,2012,8397175,28.0445,-16.5725
TENERIFE SUR,2013,8594227,28.0445,-16.5725
TENERIFE SUR,2014,9084361,28.0445,-16.5725
TENERIFE SUR,2015,9030989,28.0445,-16.5725
TENERIFE SUR,2016,10370859,28.0445,-16.5725
TENERIFE SUR,2017,11145047,28.0445,-16.5725
TENERIFE SUR,2018,10959321,28.0445,-16.5725
TENERIFE SUR,2019,11092593,28.0445,-16.5725
TENERIFE SUR,2020,3356128,28.0445,-16.5725
TENERIFE SUR,2021,4542471,28.0445,-16.5725
TENERIFE SUR,2022,10737104,28.0445,-16.5725
TENERIFE SUR,2023,12252510,28.0445,-16.5725
TENERIFE SUR,2024,13671565,28.0445,-16.5725
TENERIFE SUR,2025,13910226,28.0445,-16.5725
VALENCIA,2006,4949338,39.489162,-0.480961
VALENCIA,2007,5916903,39.489162,-0.480961
VALENCIA,2008,5770060,39.489162,-0.480961
VALENCIA,2009,4734381,39.489162,-0.480961
VALENCIA,2010,4918809,39.489162,-0.480961
VALENCIA,2011,4969451,39.489162,-0.480961
VALENCIA,2012,4738557,39.489162,-0.480961
VALENCIA,2013,4612684,39.489162,-0.480961
VALENCIA,2014,4595477,39.489162,-0.480961
VALENCIA,2015,5049697,39.489162,-0.480961
VALENCIA,2016,5792759,39.489162,-0.480961
VALENCIA,2017,6737087,39.489162,-0.480961
VALENCIA,2018,7763510,39.489162,-0.480961
VALENCIA,2019,8527919,39.489162,-0.480961
VALENCIA,2020,2482980,39.489162,-0.480961
VALENCIA,2021,4075367,39.489162,-0.480961
VALENCIA,2022,8108344,39.489162,-0.480961
VALENCIA,2023,9939726,39.489162,-0.480961
VALENCIA,2024,10805418,39.489162,-0.480961
VALENCIA,2025,11839454,39.489162,-0.480961
VALLADOLID,2006,456796,41.7061,-4.85194
VALLADOLID,2007,512820,41.7061,-4.85194
VALLADOLID,2008,478956,41.7061,-4.85194
VALLADOLID,2009,365696,41.7061,-4.85194
VALLADOLID,2010,391642,41.7061,-4.85194
VALLADOLID,2011,460819,41.7061,-4.85194
VALLADOLID,2012,378094,41.7061,-4.85194
VALLADOLID,2013,260062,41.7061,-4.85194
VALLADOLID,2014,223274,41.7061,-4.85194
VALLADOLID,2015,218066,41.7061,-4.85194
VALLADOLID,2016,231700,41.7061,-4.85194
VALLADOLID,2017,227256,41.7061,-4.85194
VALLADOLID,2018,252966,41.7061,-4.85194
VALLADOLID,2019,249175,41.7061,-4.85194
VALLADOLID,2020,71839,41.7061,-4.85194
VALLADOLID,2021,102374,41.7061,-4.85194
VALLADOLID,2022,171826,41.7061,-4.85194
VALLADOLID,2023,211593,41.7061,-4.85194
VALLADOLID,2024,191531,41.7061,-4.85194
VALLADOLID,2025,87289,41.7061,-4.85194
VIGO,2006,1187598,42.2318,-8.62677
VIGO,2007,1405777,42.2318,-8.62677
VIGO,2008,1278575,42.2318,-8.62677
VIGO,2009,1103280,42.2318,-8.62677
VIGO,2010,1093206,42.2318,-8.62677
VIGO,2011,976057,42.2318,-8.62677
VIGO,2012,828715,42.2318,-8.62677
VIGO,2013,678710,42.2318,-8.62677
VIGO,2014,680181,42.2318,-8.62677
VIGO,2015,712474,42.2318,-8.62677
VIGO,2016,953472,42.2318,-8.62677
VIGO,2017,1064719,42.2318,-8.62677
VIGO,2018,1128638,42.2318,-8.62677
VIGO,2019,1011878,42.2318,-8.62677
VIGO,2020,303466,42.2318,-8.62677
VIGO,2021,549044,42.2318,-8.62677
VIGO,2022,952176,42.2318,-8.62677
VIGO,2023,1135611,42.2318,-8.62677
VIGO,2024,1058145,42.2318,-8.62677
VIGO,2025,1114245,42.2318,-8.62677
VITORIA,2006,173092,42.882801,-2.72447
VITORIA,2007,173211,42.882801,-2.72447
VITORIA,2008,67526,42.882801,-2.72447
VITORIA,2009,39886,42.882801,-2.72447
VITORIA,2010,41812,42.882801,-2.72447
VITORIA,2011,28015,42.882801,-2.72447
VITORIA,2012,24108,42.882801,-2.72447
VITORIA,2013,6775,42.882801,-2.72447
VITORIA,2014,7064,42.882801,-2.72447
VITORIA,2015,11164,42.882801,-2.72447
VITORIA,2016,36643,42.882801,-2.72447
VITORIA,2017,82464,42.882801,-2.72447
VITORIA,2018,140901,42.882801,-2.72447
VITORIA,2019,173610,42.882801,-2.72447
VITORIA,2020,43374,42.882801,-2.72447
VITORIA,2021,128338,42.882801,-2.72447
VITORIA,2022,235095,42.882801,-2.72447
VITORIA,2023,309848,42.882801,-2.72447
VITORIA,2024,263365,42.882801,-2.72447
VITORIA,2025,306912,42.882801,-2.72447
ZARAGOZA,2006,432861,41.666199,-1.04155
ZARAGOZA,2007,511088,41.666199,-1.04155
ZARAGOZA,2008,594330,41.666199,-1.04155
ZARAGOZA,2009,527918,41.666199,-1.04155
ZARAGOZA,2010,604528,41.666199,-1.04155
ZARAGOZA,2011,751096,41.666199,-1.04155
ZARAGOZA,2012,550888,41.666199,-1.04155
ZARAGOZA,2013,457476,41.666199,-1.04155
ZARAGOZA,2014,418372,41.666199,-1.04155
ZARAGOZA,2015,423702,41.666199,-1.04155
ZARAGOZA,2016,419387,41.666199,-1.04155
ZARAGOZA,2017,437923,41.666199,-1.04155
ZARAGOZA,2018,488623,41.666199,-1.04155
ZARAGOZA,2019,467229,41.666199,-1.04155
ZARAGOZA,2020,171558,41.666199,-1.04155
ZARAGOZA,2021,278351,41.666199,-1.04155
ZARAGOZA,2022,627618,41.666199,-1.04155
ZARAGOZA,2023,685662,41.666199,-1.04155
ZARAGOZA,2024,692905,41.666199,-1.04155
ZARAGOZA,2025,706758,41.666199,-1.04155
